Genotype,Dose_(ppm),Replicate,Exp_Start_Date,#_of_pupae,07/14/2023,07/15/2023,07/16/2023,07/17/2023,07/18/2023,07/19/2023,07/20/2023,07/21/2023,07/22/2023,07/23/2023
SS,0,1,07/04/2023,45,4,21,17,4,0,0,0,1,,
R1R1,0,1,07/04/2023,35,4,27,5,1,0,0,0,0,,
R2R2,0,1,07/05/2023,40,0,1,13,18,7,1,0,0,,
R3R3,0,1,07/04/2023,38,0,11,18,6,1,1,0,0,,
SR1,0,1,07/04/2023,38,1,14,22,1,0,0,0,0,,
SR2,0,1,07/04/2023,39,5,16,14,3,0,0,0,0,,
SR3,0,1,07/04/2023,41,2,24,16,0,0,0,0,0,,
SS,0,2,07/05/2023,45,0,4,19,15,1,3,0,0,,
R1R1,0,2,07/05/2023,34,0,0,10,12,9,4,2,0,,
R2R2,0,2,07/05/2023,38,0,5,11,15,5,2,0,1,,
R3R3,0,2,07/05/2023,38,0,5,25,8,2,2,0,1,,
SR1,0,2,07/05/2023,46,0,5,21,13,5,0,0,0,,
SR2,0,2,07/05/2023,46,0,5,25,14,2,0,0,0,,
SR3,0,2,07/05/2023,45,0,5,18,17,2,1,0,1,,
SS,2.5,1,07/04/2023,11,0,2,6,3,0,0,0,0,,
R1R1,2.5,1,07/04/2023,14,1,2,11,0,0,0,0,0,,
R2R2,2.5,1,07/05/2023,42,0,1,15,18,5,3,0,0,,
R3R3,2.5,1,07/05/2023,43,0,1,11,16,10,0,0,0,,
SR1,2.5,1,07/04/2023,23,0,7,11,2,3,0,0,0,,
SR2,2.5,1,07/04/2023,36,1,11,21,3,0,0,0,0,,
SR3,2.5,1,07/04/2023,47,4,19,17,4,1,3,0,0,,
SS,2.5,2,07/05/2023,1,1,0,1,2,1,0,0,0,,
R1R1,2.5,2,07/05/2023,23,0,1,7,11,4,0,0,0,,
R2R2,2.5,2,07/05/2023,35,0,8,11,15,1,0,0,0,,
R3R3,2.5,2,07/05/2023,41,0,4,15,13,8,1,0,2,,
SR1,2.5,2,07/05/2023,26,0,2,12,11,4,0,0,0,,
SR2,2.5,2,07/05/2023,43,0,9,29,6,0,0,0,0,,
SR3,2.5,2,07/05/2023,45,0,9,15,17,3,0,0,0,,
SS,5,1,07/04/2023,0,0,0,0,0,0,0,0,0,,
R1R1,5,1,07/04/2023,0,0,0,0,0,0,0,0,0,,
R2R2,5,1,07/05/2023,31,0,1,9,19,2,0,0,0,,
R3R3,5,1,07/04/2023,34,0,11,14,8,0,0,0,0,,
SR1,5,1,07/04/2023,0,0,0,0,0,0,0,0,0,,
SR2,5,1,07/04/2023,39,1,17,15,4,0,0,0,0,,
SR3,5,1,07/04/2023,38,1,19,15,1,0,1,0,1,,
SS,5,2,07/05/2023,0,0,0,0,0,0,0,0,0,,
R1R1,5,2,07/05/2023,0,0,0,0,0,0,0,0,0,,
R2R2,5,2,07/05/2023,36,0,5,13,13,4,2,0,0,,
R3R3,5,2,07/05/2023,35,0,4,8,18,5,0,0,0,,
SR1,5,2,07/05/2023,0,0,0,0,0,0,0,0,0,,
SR2,5,2,07/05/2023,42,0,2,15,19,4,1,0,0,,
SR3,5,2,07/05/2023,44,0,5,22,15,3,1,0,0,,
SS,7.5,1,07/04/2023,0,0,0,0,0,0,0,0,0,,
R1R1,7.5,1,07/04/2023,0,0,0,0,0,0,0,0,0,,
R2R2,7.5,1,07/05/2023,29,0,0,4,18,7,0,0,0,,
R3R3,7.5,1,07/04/2023,38,0,9,19,6,2,1,0,0,,
SR1,7.5,1,07/04/2023,0,0,0,0,0,0,0,0,0,,
SR2,7.5,1,07/04/2023,21,0,5,16,2,0,0,0,0,,
SR3,7.5,1,07/04/2023,35,0,10,20,4,1,0,0,0,,
SS,7.5,2,07/05/2023,0,0,0,0,0,0,0,0,0,,
R1R1,7.5,2,07/05/2023,0,0,0,0,0,0,0,0,0,,
R2R2,7.5,2,07/05/2023,29,0,4,7,12,4,3,0,0,,
R3R3,7.5,2,07/05/2023,38,0,2,15,15,5,0,1,0,,
SR1,7.5,2,07/05/2023,0,0,0,0,0,0,0,0,0,,
SR2,7.5,2,07/05/2023,21,0,1,8,10,1,0,0,0,,
SR3,7.5,2,07/05/2023,30,0,0,16,9,4,0,0,0,,
SS,10,1,07/04/2023,0,0,0,0,0,0,0,0,0,,
R1R1,10,1,07/04/2023,0,0,0,0,0,0,0,0,0,,
R2R2,10,1,07/05/2023,16,0,0,4,11,3,0,1,0,,
R3R3,10,1,07/04/2023,28,0,7,11,6,1,1,0,0,,
SR1,10,1,07/04/2023,0,0,0,0,0,0,0,0,0,,
SR2,10,1,07/04/2023,6,0,1,3,1,0,0,0,0,,
SR3,10,1,07/04/2023,18,0,1,12,5,1,0,0,0,,
SS,10,2,07/05/2023,0,0,0,0,0,0,0,0,0,,
R1R1,10,2,07/05/2023,0,0,0,0,0,0,0,0,0,,
R2R2,10,2,07/05/2023,19,0,1,10,8,2,1,0,0,,
R3R3,10,2,07/05/2023,33,0,6,15,14,2,2,0,1,,
SR1,10,2,07/05/2023,0,0,0,0,0,0,0,0,0,,
SR2,10,2,07/05/2023,8,0,0,7,2,1,0,0,0,,
SR3,10,2,07/05/2023,23,0,0,5,12,2,1,0,0,,
SS,15,1,07/04/2023,0,0,0,0,0,0,0,0,0,,
R1R1,15,1,07/04/2023,0,0,0,0,0,0,0,0,0,,
R2R2,15,1,07/05/2023,8,0,0,0,7,1,0,0,0,,
R3R3,15,1,07/04/2023,8,0,1,6,2,1,0,0,0,,
SR1,15,1,07/04/2023,0,0,0,0,0,0,0,0,0,,
SR2,15,1,07/04/2023,0,0,0,0,0,0,0,0,0,,
SR3,15,1,07/04/2023,1,0,0,1,1,1,0,0,0,,
SS,15,2,07/05/2023,0,0,0,0,0,0,0,0,0,,
R1R1,15,2,07/05/2023,0,0,0,0,0,0,0,0,0,,
R2R2,15,2,07/05/2023,6,0,0,1,3,1,2,0,0,,
R3R3,15,2,07/05/2023,10,0,0,3,5,1,3,0,0,,
SR1,15,2,07/05/2023,0,0,0,0,0,0,0,0,0,,
SR2,15,2,07/05/2023,1,0,0,1,0,0,0,0,0,,
SR3,15,2,07/05/2023,0,0,0,0,0,2,0,0,0,,
SS,20,1,07/04/2023,0,0,0,0,0,0,0,0,0,,
R1R1,20,1,07/04/2023,0,0,0,0,0,0,0,0,0,,
R2R2,20,1,NA,NA,NA,NA,NA,NA,NA,NA,NA,NA,NA,NA
R3R3,20,1,07/04/2023,0,0,0,4,1,0,0,1,0,,
SR1,20,1,07/04/2023,0,0,0,0,0,0,0,0,0,,
SR2,20,1,07/05/2023,0,0,0,0,0,0,0,0,0,,
SR3,20,1,07/04/2023,0,0,0,0,0,0,0,0,0,,
SS,20,2,07/05/2023,0,0,0,0,0,0,0,0,0,,
R1R1,20,2,07/05/2023,0,0,0,0,0,0,0,0,0,,
R2R2,20,2,07/05/2023,0,0,0,0,1,0,0,0,0,,
R3R3,20,2,07/05/2023,0,0,0,0,2,3,0,0,1,,
SR1,20,2,07/05/2023,0,0,0,0,0,0,0,0,0,,
SR2,20,2,07/05/2023,0,0,0,0,0,0,0,0,0,,
SR3,20,2,07/05/2023,0,0,0,0,0,0,0,0,0,,
SS,25,1,07/04/2023,0,0,0,0,0,0,0,0,0,,
R1R1,25,1,07/04/2023,0,0,0,0,0,0,0,0,0,,
R2R2,25,1,NA,NA,NA,NA,NA,NA,NA,NA,NA,NA,NA,NA
R3R3,25,1,07/05/2023,0,0,0,0,0,0,1,0,0,,
SR1,25,1,07/04/2023,0,0,0,0,0,0,0,0,0,,
SR2,25,1,07/05/2023,0,0,0,0,0,0,0,0,0,,
SR3,25,1,07/04/2023,0,0,0,0,0,0,0,0,0,,
SS,25,2,07/05/2023,0,0,0,0,0,0,0,0,0,,
R1R1,25,2,07/05/2023,0,0,0,0,0,0,0,0,0,,
R2R2,25,2,07/05/2023,0,0,0,0,0,0,0,0,0,,
R3R3,25,2,07/05/2023,0,0,0,0,0,0,0,0,0,,
SR1,25,2,07/05/2023,0,0,0,0,0,0,0,0,0,,
SR2,25,2,07/05/2023,0,0,0,0,0,0,0,0,0,,
SR3,25,2,07/05/2023,0,0,0,0,0,0,0,0,0,,
SS,30,1,07/04/2023,0,0,0,0,0,0,0,0,0,,
R1R1,30,1,07/04/2023,0,0,0,0,0,0,0,0,0,,
R2R2,30,1,07/05/2023,0,0,0,0,0,0,0,0,0,,
R3R3,30,1,07/04/2023,0,0,0,0,0,0,0,0,0,,
SR1,30,1,07/04/2023,0,0,0,0,0,0,0,0,0,,
SR2,30,1,07/05/2023,0,0,0,0,0,0,0,0,0,,
SR3,30,1,07/04/2023,0,0,0,0,0,0,0,0,0,,
SS,30,2,07/05/2023,0,0,0,0,0,0,0,0,0,,
R1R1,30,2,07/05/2023,0,0,0,0,0,0,0,0,0,,
R2R2,30,2,07/05/2023,0,0,0,0,0,0,0,0,0,,
R3R3,30,2,07/05/2023,0,0,0,0,0,0,0,0,0,,
SR1,30,2,07/05/2023,0,0,0,0,0,0,0,0,0,,
SR2,30,2,07/05/2023,0,0,0,0,0,0,0,0,0,,
SR3,30,2,07/05/2023,0,0,0,0,0,0,0,0,0,,